[{"created_at": "Fri Dec 21 16:45:57 +0000 2018", "id": 1076156831276417028, "id_str": "1076156831276417028", "text": "Sharing some glimpses from the wonderful cultural programme at the DGPs/IGPs Conference at Kevadia. https://t.co/PAmswEx8NH", "truncated": false, "entities": {"hashtags": [], "symbols": [], "user_mentions": [], "urls": [], "media": [{"id": 1076156818127233024, "id_str": "1076156818127233024", "indices": [100, 123], "media_url": "http://pbs.twimg.com/media/Du9G7KMWoAACZXy.jpg", "media_url_https": "https://pbs.twimg.com/media/Du9G7KMWoAACZXy.jpg", "url": "https://t.co/PAmswEx8NH", "display_url": "pic.twitter.com/PAmswEx8NH", "expanded_url": "https://twitter.com/narendramodi/status/1076156831276417028/photo/1", "type": "photo", "sizes": {"medium": {"w": 557, "h": 1200, "resize": "fit"}, "thumb": {"w": 150, "h": 150, "resize": "crop"}, "large": {"w": 950, "h": 2048, "resize": "fit"}, "small": {"w": 315, "h": 680, "resize": "fit"}}}]}, "extended_entities": {"media": [{"id": 1076156818127233024, "id_str": "1076156818127233024", "indices": [100, 123], "media_url": "http://pbs.twimg.com/media/Du9G7KMWoAACZXy.jpg", "media_url_https": "https://pbs.twimg.com/media/Du9G7KMWoAACZXy.jpg", "url": "https://t.co/PAmswEx8NH", "display_url": "pic.twitter.com/PAmswEx8NH", "expanded_url": "https://twitter.com/narendramodi/status/1076156831276417028/photo/1", "type": "photo", "sizes": {"medium": {"w": 557, "h": 1200, "resize": "fit"}, "thumb": {"w": 150, "h": 150, "resize": "crop"}, "large": {"w": 950, "h": 2048, "resize": "fit"}, "small": {"w": 315, "h": 680, "resize": "fit"}}}, {"id": 1076156818131435520, "id_str": "1076156818131435520", "indices": [100, 123], "media_url": "http://pbs.twimg.com/media/Du9G7KNWwAAojZH.jpg", "media_url_https": "https://pbs.twimg.com/media/Du9G7KNWwAAojZH.jpg", "url": "https://t.co/PAmswEx8NH", "display_url": "pic.twitter.com/PAmswEx8NH", "expanded_url": "https://twitter.com/narendramodi/status/1076156831276417028/photo/1", "type": "photo", "sizes": {"medium": {"w": 1200, "h": 536, "resize": "fit"}, "thumb": {"w": 150, "h": 150, "resize": "crop"}, "small": {"w": 680, "h": 304, "resize": "fit"}, "large": {"w": 1493, "h": 667, "resize": "fit"}}}, {"id": 1076156818102075392, "id_str": "1076156818102075392", "indices": [100, 123], "media_url": "http://pbs.twimg.com/media/Du9G7KGWwAAEoa7.jpg", "media_url_https": "https://pbs.twimg.com/media/Du9G7KGWwAAEoa7.jpg", "url": "https://t.co/PAmswEx8NH", "display_url": "pic.twitter.com/PAmswEx8NH", "expanded_url": "https://twitter.com/narendramodi/status/1076156831276417028/photo/1", "type": "photo", "sizes": {"thumb": {"w": 150, "h": 150, "resize": "crop"}, "large": {"w": 1493, "h": 1073, "resize": "fit"}, "medium": {"w": 1200, "h": 862, "resize": "fit"}, "small": {"w": 680, "h": 489, "resize": "fit"}}}, {"id": 1076156818144063488, "id_str": "1076156818144063488", "indices": [100, 123], "media_url": "http://pbs.twimg.com/media/Du9G7KQXcAA59fc.jpg", "media_url_https": "https://pbs.twimg.com/media/Du9G7KQXcAA59fc.jpg", "url": "https://t.co/PAmswEx8NH", "display_url": "pic.twitter.com/PAmswEx8NH", "expanded_url": "https://twitter.com/narendramodi/status/1076156831276417028/photo/1", "type": "photo", "sizes": {"small": {"w": 680, "h": 552, "resize": "fit"}, "thumb": {"w": 150, "h": 150, "resize": "crop"}, "large": {"w": 1493, "h": 1213, "resize": "fit"}, "medium": {"w": 1200, "h": 975, "resize": "fit"}}}]}, "source": "<a href=\"http://twitter.com/download/iphone\" rel=\"nofollow\">Twitter for iPhone</a>", "in_reply_to_status_id": null, "in_reply_to_status_id_str": null, "in_reply_to_user_id": null, "in_reply_to_user_id_str": null, "in_reply_to_screen_name": null, "user": {"id": 18839785, "id_str": "18839785", "name": "Narendra Modi", "screen_name": "narendramodi", "location": "India", "description": "Prime Minister of India", "url": "http://t.co/i7NW4Bof2G", "entities": {"url": {"urls": [{"url": "http://t.co/i7NW4Bof2G", "expanded_url": "http://www.narendramodi.in", "display_url": "narendramodi.in", "indices": [0, 22]}]}, "description": {"urls": []}}, "protected": false, "followers_count": 44796595, "friends_count": 2068, "listed_count": 23068, "created_at": "Sat Jan 10 17:18:56 +0000 2009", "favourites_count": 0, "utc_offset": null, "time_zone": null, "geo_enabled": false, "verified": true, "statuses_count": 21722, "lang": "en", "contributors_enabled": false, "is_translator": false, "is_translation_enabled": false, "profile_background_color": "F4EDD4", "profile_background_image_url": "http://abs.twimg.com/images/themes/theme1/bg.png", "profile_background_image_url_https": "https://abs.twimg.com/images/themes/theme1/bg.png", "profile_background_tile": false, "profile_image_url": "http://pbs.twimg.com/profile_images/718314968102367232/ypY1GPCQ_normal.jpg", "profile_image_url_https": "https://pbs.twimg.com/profile_images/718314968102367232/ypY1GPCQ_normal.jpg", "profile_banner_url": "https://pbs.twimg.com/profile_banners/18839785/1502777627", "profile_link_color": "4E7096", "profile_sidebar_border_color": "FFFFFF", "profile_sidebar_fill_color": "D5DFED", "profile_text_color": "233863", "profile_use_background_image": true, "has_extended_profile": true, "default_profile": false, "default_profile_image": false, "following": false, "follow_request_sent": false, "notifications": false, "translator_type": "regular"}, "geo": null, "coordinates": null, "place": null, "contributors": null, "is_quote_status": false, "retweet_count": 2144, "favorite_count": 10471, "favorited": false, "retweeted": false, "possibly_sensitive": false, "lang": "en"}, {"created_at": "Fri Dec 21 05:27:32 +0000 2018", "id": 1075986101519740930, "id_str": "1075986101519740930", "text": "I would specially urge you all to visit Kevadia and see the \u2018Statue of Unity.\u2019 \n\nSome friends told me that the Stat\u2026 https://t.co/o197FnmvIe", "truncated": true, "entities": {"hashtags": [], "symbols": [], "user_mentions": [], "urls": [{"url": "https://t.co/o197FnmvIe", "expanded_url": "https://twitter.com/i/web/status/1075986101519740930", "display_url": "twitter.com/i/web/status/1\u2026", "indices": [117, 140]}]}, "source": "<a href=\"http://twitter.com/download/android\" rel=\"nofollow\">Twitter for Android</a>", "in_reply_to_status_id": null, "in_reply_to_status_id_str": null, "in_reply_to_user_id": null, "in_reply_to_user_id_str": null, "in_reply_to_screen_name": null, "user": {"id": 18839785, "id_str": "18839785", "name": "Narendra Modi", "screen_name": "narendramodi", "location": "India", "description": "Prime Minister of India", "url": "http://t.co/i7NW4Bof2G", "entities": {"url": {"urls": [{"url": "http://t.co/i7NW4Bof2G", "expanded_url": "http://www.narendramodi.in", "display_url": "narendramodi.in", "indices": [0, 22]}]}, "description": {"urls": []}}, "protected": false, "followers_count": 44796595, "friends_count": 2068, "listed_count": 23068, "created_at": "Sat Jan 10 17:18:56 +0000 2009", "favourites_count": 0, "utc_offset": null, "time_zone": null, "geo_enabled": false, "verified": true, "statuses_count": 21722, "lang": "en", "contributors_enabled": false, "is_translator": false, "is_translation_enabled": false, "profile_background_color": "F4EDD4", "profile_background_image_url": "http://abs.twimg.com/images/themes/theme1/bg.png", "profile_background_image_url_https": "https://abs.twimg.com/images/themes/theme1/bg.png", "profile_background_tile": false, "profile_image_url": "http://pbs.twimg.com/profile_images/718314968102367232/ypY1GPCQ_normal.jpg", "profile_image_url_https": "https://pbs.twimg.com/profile_images/718314968102367232/ypY1GPCQ_normal.jpg", "profile_banner_url": "https://pbs.twimg.com/profile_banners/18839785/1502777627", "profile_link_color": "4E7096", "profile_sidebar_border_color": "FFFFFF", "profile_sidebar_fill_color": "D5DFED", "profile_text_color": "233863", "profile_use_background_image": true, "has_extended_profile": true, "default_profile": false, "default_profile_image": false, "following": false, "follow_request_sent": false, "notifications": false, "translator_type": "regular"}, "geo": null, "coordinates": null, "place": null, "contributors": null, "is_quote_status": false, "retweet_count": 6959, "favorite_count": 37348, "favorited": false, "retweeted": false, "lang": "en"}, {"created_at": "Wed Dec 19 14:23:44 +0000 2018", "id": 1075396266480168960, "id_str": "1075396266480168960", "text": "Haryana trusts BJP! \n\nI thank the people of Haryana for continuously reposing their faith in @BJP4Haryana.\n\nWe deri\u2026 https://t.co/16bR6sAn4r", "truncated": true, "entities": {"hashtags": [], "symbols": [], "user_mentions": [{"screen_name": "BJP4Haryana", "name": "Haryana BJP", "id": 287602729, "id_str": "287602729", "indices": [93, 105]}], "urls": [{"url": "https://t.co/16bR6sAn4r", "expanded_url": "https://twitter.com/i/web/status/1075396266480168960", "display_url": "twitter.com/i/web/status/1\u2026", "indices": [117, 140]}]}, "source": "<a href=\"http://twitter.com\" rel=\"nofollow\">Twitter Web Client</a>", "in_reply_to_status_id": null, "in_reply_to_status_id_str": null, "in_reply_to_user_id": null, "in_reply_to_user_id_str": null, "in_reply_to_screen_name": null, "user": {"id": 18839785, "id_str": "18839785", "name": "Narendra Modi", "screen_name": "narendramodi", "location": "India", "description": "Prime Minister of India", "url": "http://t.co/i7NW4Bof2G", "entities": {"url": {"urls": [{"url": "http://t.co/i7NW4Bof2G", "expanded_url": "http://www.narendramodi.in", "display_url": "narendramodi.in", "indices": [0, 22]}]}, "description": {"urls": []}}, "protected": false, "followers_count": 44796595, "friends_count": 2068, "listed_count": 23068, "created_at": "Sat Jan 10 17:18:56 +0000 2009", "favourites_count": 0, "utc_offset": null, "time_zone": null, "geo_enabled": false, "verified": true, "statuses_count": 21722, "lang": "en", "contributors_enabled": false, "is_translator": false, "is_translation_enabled": false, "profile_background_color": "F4EDD4", "profile_background_image_url": "http://abs.twimg.com/images/themes/theme1/bg.png", "profile_background_image_url_https": "https://abs.twimg.com/images/themes/theme1/bg.png", "profile_background_tile": false, "profile_image_url": "http://pbs.twimg.com/profile_images/718314968102367232/ypY1GPCQ_normal.jpg", "profile_image_url_https": "https://pbs.twimg.com/profile_images/718314968102367232/ypY1GPCQ_normal.jpg", "profile_banner_url": "https://pbs.twimg.com/profile_banners/18839785/1502777627", "profile_link_color": "4E7096", "profile_sidebar_border_color": "FFFFFF", "profile_sidebar_fill_color": "D5DFED", "profile_text_color": "233863", "profile_use_background_image": true, "has_extended_profile": true, "default_profile": false, "default_profile_image": false, "following": false, "follow_request_sent": false, "notifications": false, "translator_type": "regular"}, "geo": null, "coordinates": null, "place": null, "contributors": null, "is_quote_status": false, "retweet_count": 3800, "favorite_count": 15683, "favorited": false, "retweeted": false, "possibly_sensitive": false, "lang": "en"}, {"created_at": "Fri Dec 21 05:23:38 +0000 2018", "id": 1075985121071849473, "id_str": "1075985121071849473", "text": "Reached Kevadia in Gujarat for the Conference of DGPs/IGPs. Looking forward to fruitful deliberations that will str\u2026 https://t.co/hl0Eozi0nW", "truncated": true, "entities": {"hashtags": [], "symbols": [], "user_mentions": [], "urls": [{"url": "https://t.co/hl0Eozi0nW", "expanded_url": "https://twitter.com/i/web/status/1075985121071849473", "display_url": "twitter.com/i/web/status/1\u2026", "indices": [117, 140]}]}, "source": "<a href=\"http://twitter.com/download/android\" rel=\"nofollow\">Twitter for Android</a>", "in_reply_to_status_id": null, "in_reply_to_status_id_str": null, "in_reply_to_user_id": null, "in_reply_to_user_id_str": null, "in_reply_to_screen_name": null, "user": {"id": 18839785, "id_str": "18839785", "name": "Narendra Modi", "screen_name": "narendramodi", "location": "India", "description": "Prime Minister of India", "url": "http://t.co/i7NW4Bof2G", "entities": {"url": {"urls": [{"url": "http://t.co/i7NW4Bof2G", "expanded_url": "http://www.narendramodi.in", "display_url": "narendramodi.in", "indices": [0, 22]}]}, "description": {"urls": []}}, "protected": false, "followers_count": 44796595, "friends_count": 2068, "listed_count": 23068, "created_at": "Sat Jan 10 17:18:56 +0000 2009", "favourites_count": 0, "utc_offset": null, "time_zone": null, "geo_enabled": false, "verified": true, "statuses_count": 21722, "lang": "en", "contributors_enabled": false, "is_translator": false, "is_translation_enabled": false, "profile_background_color": "F4EDD4", "profile_background_image_url": "http://abs.twimg.com/images/themes/theme1/bg.png", "profile_background_image_url_https": "https://abs.twimg.com/images/themes/theme1/bg.png", "profile_background_tile": false, "profile_image_url": "http://pbs.twimg.com/profile_images/718314968102367232/ypY1GPCQ_normal.jpg", "profile_image_url_https": "https://pbs.twimg.com/profile_images/718314968102367232/ypY1GPCQ_normal.jpg", "profile_banner_url": "https://pbs.twimg.com/profile_banners/18839785/1502777627", "profile_link_color": "4E7096", "profile_sidebar_border_color": "FFFFFF", "profile_sidebar_fill_color": "D5DFED", "profile_text_color": "233863", "profile_use_background_image": true, "has_extended_profile": true, "default_profile": false, "default_profile_image": false, "following": false, "follow_request_sent": false, "notifications": false, "translator_type": "regular"}, "geo": null, "coordinates": null, "place": null, "contributors": null, "is_quote_status": false, "retweet_count": 2195, "favorite_count": 11814, "favorited": false, "retweeted": false, "possibly_sensitive": false, "lang": "en"}, {"created_at": "Sat Dec 22 11:56:40 +0000 2018", "id": 1076446421660819456, "id_str": "1076446421660819456", "text": "Addressing the National Convention of @BJP4India Mahila Morcha. Watch. https://t.co/kgbdBqzk06", "truncated": false, "entities": {"hashtags": [], "symbols": [], "user_mentions": [{"screen_name": "BJP4India", "name": "BJP", "id": 207809313, "id_str": "207809313", "indices": [38, 48]}], "urls": [{"url": "https://t.co/kgbdBqzk06", "expanded_url": "https://www.pscp.tv/w/bu4d-DMyMjExNTJ8MU95S0F5bG5tdmJLYgnDts07ySpjtv6_9rVd5IJox4BPbDsFc3wgqjlnknrf", "display_url": "pscp.tv/w/bu4d-DMyMjEx\u2026", "indices": [71, 94]}]}, "source": "<a href=\"https://periscope.tv\" rel=\"nofollow\">Periscope</a>", "in_reply_to_status_id": null, "in_reply_to_status_id_str": null, "in_reply_to_user_id": null, "in_reply_to_user_id_str": null, "in_reply_to_screen_name": null, "user": {"id": 18839785, "id_str": "18839785", "name": "Narendra Modi", "screen_name": "narendramodi", "location": "India", "description": "Prime Minister of India", "url": "http://t.co/i7NW4Bof2G", "entities": {"url": {"urls": [{"url": "http://t.co/i7NW4Bof2G", "expanded_url": "http://www.narendramodi.in", "display_url": "narendramodi.in", "indices": [0, 22]}]}, "description": {"urls": []}}, "protected": false, "followers_count": 44796595, "friends_count": 2068, "listed_count": 23068, "created_at": "Sat Jan 10 17:18:56 +0000 2009", "favourites_count": 0, "utc_offset": null, "time_zone": null, "geo_enabled": false, "verified": true, "statuses_count": 21722, "lang": "en", "contributors_enabled": false, "is_translator": false, "is_translation_enabled": false, "profile_background_color": "F4EDD4", "profile_background_image_url": "http://abs.twimg.com/images/themes/theme1/bg.png", "profile_background_image_url_https": "https://abs.twimg.com/images/themes/theme1/bg.png", "profile_background_tile": false, "profile_image_url": "http://pbs.twimg.com/profile_images/718314968102367232/ypY1GPCQ_normal.jpg", "profile_image_url_https": "https://pbs.twimg.com/profile_images/718314968102367232/ypY1GPCQ_normal.jpg", "profile_banner_url": "https://pbs.twimg.com/profile_banners/18839785/1502777627", "profile_link_color": "4E7096", "profile_sidebar_border_color": "FFFFFF", "profile_sidebar_fill_color": "D5DFED", "profile_text_color": "233863", "profile_use_background_image": true, "has_extended_profile": true, "default_profile": false, "default_profile_image": false, "following": false, "follow_request_sent": false, "notifications": false, "translator_type": "regular"}, "geo": null, "coordinates": null, "place": null, "contributors": null, "is_quote_status": false, "retweet_count": 2050, "favorite_count": 8860, "favorited": false, "retweeted": false, "possibly_sensitive": false, "lang": "en"}, {"created_at": "Fri Dec 21 16:41:42 +0000 2018", "id": 1076155762148282368, "id_str": "1076155762148282368", "text": "During the Conference of DGPs and IGPs, I\u2019ve also got the opportunity to meet select groups of officials and discus\u2026 https://t.co/zXwR4p0bkV", "truncated": true, "entities": {"hashtags": [], "symbols": [], "user_mentions": [], "urls": [{"url": "https://t.co/zXwR4p0bkV", "expanded_url": "https://twitter.com/i/web/status/1076155762148282368", "display_url": "twitter.com/i/web/status/1\u2026", "indices": [117, 140]}]}, "source": "<a href=\"http://twitter.com/download/iphone\" rel=\"nofollow\">Twitter for iPhone</a>", "in_reply_to_status_id": null, "in_reply_to_status_id_str": null, "in_reply_to_user_id": null, "in_reply_to_user_id_str": null, "in_reply_to_screen_name": null, "user": {"id": 18839785, "id_str": "18839785", "name": "Narendra Modi", "screen_name": "narendramodi", "location": "India", "description": "Prime Minister of India", "url": "http://t.co/i7NW4Bof2G", "entities": {"url": {"urls": [{"url": "http://t.co/i7NW4Bof2G", "expanded_url": "http://www.narendramodi.in", "display_url": "narendramodi.in", "indices": [0, 22]}]}, "description": {"urls": []}}, "protected": false, "followers_count": 44796595, "friends_count": 2068, "listed_count": 23068, "created_at": "Sat Jan 10 17:18:56 +0000 2009", "favourites_count": 0, "utc_offset": null, "time_zone": null, "geo_enabled": false, "verified": true, "statuses_count": 21722, "lang": "en", "contributors_enabled": false, "is_translator": false, "is_translation_enabled": false, "profile_background_color": "F4EDD4", "profile_background_image_url": "http://abs.twimg.com/images/themes/theme1/bg.png", "profile_background_image_url_https": "https://abs.twimg.com/images/themes/theme1/bg.png", "profile_background_tile": false, "profile_image_url": "http://pbs.twimg.com/profile_images/718314968102367232/ypY1GPCQ_normal.jpg", "profile_image_url_https": "https://pbs.twimg.com/profile_images/718314968102367232/ypY1GPCQ_normal.jpg", "profile_banner_url": "https://pbs.twimg.com/profile_banners/18839785/1502777627", "profile_link_color": "4E7096", "profile_sidebar_border_color": "FFFFFF", "profile_sidebar_fill_color": "D5DFED", "profile_text_color": "233863", "profile_use_background_image": true, "has_extended_profile": true, "default_profile": false, "default_profile_image": false, "following": false, "follow_request_sent": false, "notifications": false, "translator_type": "regular"}, "geo": null, "coordinates": null, "place": null, "contributors": null, "is_quote_status": false, "retweet_count": 2528, "favorite_count": 14606, "favorited": false, "retweeted": false, "lang": "en"}, {"created_at": "Wed Dec 19 14:27:26 +0000 2018", "id": 1075397199167508480, "id_str": "1075397199167508480", "text": "Had an excellent interaction with newly elected Sarpanches of Panchayats from across Jammu and Kashmir. \n\nWished th\u2026 https://t.co/mIKjGEcn7r", "truncated": true, "entities": {"hashtags": [], "symbols": [], "user_mentions": [], "urls": [{"url": "https://t.co/mIKjGEcn7r", "expanded_url": "https://twitter.com/i/web/status/1075397199167508480", "display_url": "twitter.com/i/web/status/1\u2026", "indices": [117, 140]}]}, "source": "<a href=\"http://twitter.com\" rel=\"nofollow\">Twitter Web Client</a>", "in_reply_to_status_id": null, "in_reply_to_status_id_str": null, "in_reply_to_user_id": null, "in_reply_to_user_id_str": null, "in_reply_to_screen_name": null, "user": {"id": 18839785, "id_str": "18839785", "name": "Narendra Modi", "screen_name": "narendramodi", "location": "India", "description": "Prime Minister of India", "url": "http://t.co/i7NW4Bof2G", "entities": {"url": {"urls": [{"url": "http://t.co/i7NW4Bof2G", "expanded_url": "http://www.narendramodi.in", "display_url": "narendramodi.in", "indices": [0, 22]}]}, "description": {"urls": []}}, "protected": false, "followers_count": 44796595, "friends_count": 2068, "listed_count": 23068, "created_at": "Sat Jan 10 17:18:56 +0000 2009", "favourites_count": 0, "utc_offset": null, "time_zone": null, "geo_enabled": false, "verified": true, "statuses_count": 21722, "lang": "en", "contributors_enabled": false, "is_translator": false, "is_translation_enabled": false, "profile_background_color": "F4EDD4", "profile_background_image_url": "http://abs.twimg.com/images/themes/theme1/bg.png", "profile_background_image_url_https": "https://abs.twimg.com/images/themes/theme1/bg.png", "profile_background_tile": false, "profile_image_url": "http://pbs.twimg.com/profile_images/718314968102367232/ypY1GPCQ_normal.jpg", "profile_image_url_https": "https://pbs.twimg.com/profile_images/718314968102367232/ypY1GPCQ_normal.jpg", "profile_banner_url": "https://pbs.twimg.com/profile_banners/18839785/1502777627", "profile_link_color": "4E7096", "profile_sidebar_border_color": "FFFFFF", "profile_sidebar_fill_color": "D5DFED", "profile_text_color": "233863", "profile_use_background_image": true, "has_extended_profile": true, "default_profile": false, "default_profile_image": false, "following": false, "follow_request_sent": false, "notifications": false, "translator_type": "regular"}, "geo": null, "coordinates": null, "place": null, "contributors": null, "is_quote_status": false, "retweet_count": 2758, "favorite_count": 13989, "favorited": false, "retweeted": false, "possibly_sensitive": false, "lang": "en"}, {"created_at": "Fri Dec 21 16:40:55 +0000 2018", "id": 1076155563816427522, "id_str": "1076155563816427522", "text": "It\u2019s been a productive day at the Conference of DGPs/IGPs in Kevadia. We\u2019ve been having detailed presentations on v\u2026 https://t.co/LrNzTLXXIu", "truncated": true, "entities": {"hashtags": [], "symbols": [], "user_mentions": [], "urls": [{"url": "https://t.co/LrNzTLXXIu", "expanded_url": "https://twitter.com/i/web/status/1076155563816427522", "display_url": "twitter.com/i/web/status/1\u2026", "indices": [117, 140]}]}, "source": "<a href=\"http://twitter.com/download/iphone\" rel=\"nofollow\">Twitter for iPhone</a>", "in_reply_to_status_id": null, "in_reply_to_status_id_str": null, "in_reply_to_user_id": null, "in_reply_to_user_id_str": null, "in_reply_to_screen_name": null, "user": {"id": 18839785, "id_str": "18839785", "name": "Narendra Modi", "screen_name": "narendramodi", "location": "India", "description": "Prime Minister of India", "url": "http://t.co/i7NW4Bof2G", "entities": {"url": {"urls": [{"url": "http://t.co/i7NW4Bof2G", "expanded_url": "http://www.narendramodi.in", "display_url": "narendramodi.in", "indices": [0, 22]}]}, "description": {"urls": []}}, "protected": false, "followers_count": 44796595, "friends_count": 2068, "listed_count": 23068, "created_at": "Sat Jan 10 17:18:56 +0000 2009", "favourites_count": 0, "utc_offset": null, "time_zone": null, "geo_enabled": false, "verified": true, "statuses_count": 21722, "lang": "en", "contributors_enabled": false, "is_translator": false, "is_translation_enabled": false, "profile_background_color": "F4EDD4", "profile_background_image_url": "http://abs.twimg.com/images/themes/theme1/bg.png", "profile_background_image_url_https": "https://abs.twimg.com/images/themes/theme1/bg.png", "profile_background_tile": false, "profile_image_url": "http://pbs.twimg.com/profile_images/718314968102367232/ypY1GPCQ_normal.jpg", "profile_image_url_https": "https://pbs.twimg.com/profile_images/718314968102367232/ypY1GPCQ_normal.jpg", "profile_banner_url": "https://pbs.twimg.com/profile_banners/18839785/1502777627", "profile_link_color": "4E7096", "profile_sidebar_border_color": "FFFFFF", "profile_sidebar_fill_color": "D5DFED", "profile_text_color": "233863", "profile_use_background_image": true, "has_extended_profile": true, "default_profile": false, "default_profile_image": false, "following": false, "follow_request_sent": false, "notifications": false, "translator_type": "regular"}, "geo": null, "coordinates": null, "place": null, "contributors": null, "is_quote_status": false, "retweet_count": 2050, "favorite_count": 11075, "favorited": false, "retweeted": false, "possibly_sensitive": false, "lang": "en"}, {"created_at": "Wed Dec 19 08:19:08 +0000 2018", "id": 1075304512661839872, "id_str": "1075304512661839872", "text": "Will be interacting with @BJP4TamilNadu and @BJP4Puducherry Karyakartas at 4:30 this evening.\n\nWatch the interactio\u2026 https://t.co/O3kGxPPDYj", "truncated": true, "entities": {"hashtags": [], "symbols": [], "user_mentions": [{"screen_name": "BJP4TamilNadu", "name": "BJP Tamilnadu", "id": 396707695, "id_str": "396707695", "indices": [25, 39]}, {"screen_name": "BJP4Puducherry", "name": "BJP Puducherry", "id": 753131004483760129, "id_str": "753131004483760129", "indices": [44, 59]}], "urls": [{"url": "https://t.co/O3kGxPPDYj", "expanded_url": "https://twitter.com/i/web/status/1075304512661839872", "display_url": "twitter.com/i/web/status/1\u2026", "indices": [117, 140]}]}, "source": "<a href=\"http://twitter.com\" rel=\"nofollow\">Twitter Web Client</a>", "in_reply_to_status_id": null, "in_reply_to_status_id_str": null, "in_reply_to_user_id": null, "in_reply_to_user_id_str": null, "in_reply_to_screen_name": null, "user": {"id": 18839785, "id_str": "18839785", "name": "Narendra Modi", "screen_name": "narendramodi", "location": "India", "description": "Prime Minister of India", "url": "http://t.co/i7NW4Bof2G", "entities": {"url": {"urls": [{"url": "http://t.co/i7NW4Bof2G", "expanded_url": "http://www.narendramodi.in", "display_url": "narendramodi.in", "indices": [0, 22]}]}, "description": {"urls": []}}, "protected": false, "followers_count": 44796595, "friends_count": 2068, "listed_count": 23068, "created_at": "Sat Jan 10 17:18:56 +0000 2009", "favourites_count": 0, "utc_offset": null, "time_zone": null, "geo_enabled": false, "verified": true, "statuses_count": 21722, "lang": "en", "contributors_enabled": false, "is_translator": false, "is_translation_enabled": false, "profile_background_color": "F4EDD4", "profile_background_image_url": "http://abs.twimg.com/images/themes/theme1/bg.png", "profile_background_image_url_https": "https://abs.twimg.com/images/themes/theme1/bg.png", "profile_background_tile": false, "profile_image_url": "http://pbs.twimg.com/profile_images/718314968102367232/ypY1GPCQ_normal.jpg", "profile_image_url_https": "https://pbs.twimg.com/profile_images/718314968102367232/ypY1GPCQ_normal.jpg", "profile_banner_url": "https://pbs.twimg.com/profile_banners/18839785/1502777627", "profile_link_color": "4E7096", "profile_sidebar_border_color": "FFFFFF", "profile_sidebar_fill_color": "D5DFED", "profile_text_color": "233863", "profile_use_background_image": true, "has_extended_profile": true, "default_profile": false, "default_profile_image": false, "following": false, "follow_request_sent": false, "notifications": false, "translator_type": "regular"}, "geo": null, "coordinates": null, "place": null, "contributors": null, "is_quote_status": false, "retweet_count": 1318, "favorite_count": 5648, "favorited": false, "retweeted": false, "possibly_sensitive": false, "lang": "en"}, {"created_at": "Wed Dec 19 14:28:24 +0000 2018", "id": 1075397438914015232, "id_str": "1075397438914015232", "text": "These elected Sarpanches are extraordinary individuals who have shown immense courage in the face of heavy odds.\u2026 https://t.co/u5ULmrkmcv", "truncated": true, "entities": {"hashtags": [], "symbols": [], "user_mentions": [], "urls": [{"url": "https://t.co/u5ULmrkmcv", "expanded_url": "https://twitter.com/i/web/status/1075397438914015232", "display_url": "twitter.com/i/web/status/1\u2026", "indices": [114, 137]}]}, "source": "<a href=\"http://twitter.com\" rel=\"nofollow\">Twitter Web Client</a>", "in_reply_to_status_id": null, "in_reply_to_status_id_str": null, "in_reply_to_user_id": null, "in_reply_to_user_id_str": null, "in_reply_to_screen_name": null, "user": {"id": 18839785, "id_str": "18839785", "name": "Narendra Modi", "screen_name": "narendramodi", "location": "India", "description": "Prime Minister of India", "url": "http://t.co/i7NW4Bof2G", "entities": {"url": {"urls": [{"url": "http://t.co/i7NW4Bof2G", "expanded_url": "http://www.narendramodi.in", "display_url": "narendramodi.in", "indices": [0, 22]}]}, "description": {"urls": []}}, "protected": false, "followers_count": 44796595, "friends_count": 2068, "listed_count": 23068, "created_at": "Sat Jan 10 17:18:56 +0000 2009", "favourites_count": 0, "utc_offset": null, "time_zone": null, "geo_enabled": false, "verified": true, "statuses_count": 21722, "lang": "en", "contributors_enabled": false, "is_translator": false, "is_translation_enabled": false, "profile_background_color": "F4EDD4", "profile_background_image_url": "http://abs.twimg.com/images/themes/theme1/bg.png", "profile_background_image_url_https": "https://abs.twimg.com/images/themes/theme1/bg.png", "profile_background_tile": false, "profile_image_url": "http://pbs.twimg.com/profile_images/718314968102367232/ypY1GPCQ_normal.jpg", "profile_image_url_https": "https://pbs.twimg.com/profile_images/718314968102367232/ypY1GPCQ_normal.jpg", "profile_banner_url": "https://pbs.twimg.com/profile_banners/18839785/1502777627", "profile_link_color": "4E7096", "profile_sidebar_border_color": "FFFFFF", "profile_sidebar_fill_color": "D5DFED", "profile_text_color": "233863", "profile_use_background_image": true, "has_extended_profile": true, "default_profile": false, "default_profile_image": false, "following": false, "follow_request_sent": false, "notifications": false, "translator_type": "regular"}, "geo": null, "coordinates": null, "place": null, "contributors": null, "is_quote_status": false, "retweet_count": 1752, "favorite_count": 7840, "favorited": false, "retweeted": false, "possibly_sensitive": false, "lang": "en"}, {"created_at": "Wed Dec 19 14:24:16 +0000 2018", "id": 1075396400974770176, "id_str": "1075396400974770176", "text": "I commend the @BJP4Haryana team for assiduously working for people's welfare. \n\nUnder the leadership of Shri\u2026 https://t.co/tHDI7n9S4o", "truncated": true, "entities": {"hashtags": [], "symbols": [], "user_mentions": [{"screen_name": "BJP4Haryana", "name": "Haryana BJP", "id": 287602729, "id_str": "287602729", "indices": [14, 26]}], "urls": [{"url": "https://t.co/tHDI7n9S4o", "expanded_url": "https://twitter.com/i/web/status/1075396400974770176", "display_url": "twitter.com/i/web/status/1\u2026", "indices": [110, 133]}]}, "source": "<a href=\"http://twitter.com\" rel=\"nofollow\">Twitter Web Client</a>", "in_reply_to_status_id": null, "in_reply_to_status_id_str": null, "in_reply_to_user_id": null, "in_reply_to_user_id_str": null, "in_reply_to_screen_name": null, "user": {"id": 18839785, "id_str": "18839785", "name": "Narendra Modi", "screen_name": "narendramodi", "location": "India", "description": "Prime Minister of India", "url": "http://t.co/i7NW4Bof2G", "entities": {"url": {"urls": [{"url": "http://t.co/i7NW4Bof2G", "expanded_url": "http://www.narendramodi.in", "display_url": "narendramodi.in", "indices": [0, 22]}]}, "description": {"urls": []}}, "protected": false, "followers_count": 44796595, "friends_count": 2068, "listed_count": 23068, "created_at": "Sat Jan 10 17:18:56 +0000 2009", "favourites_count": 0, "utc_offset": null, "time_zone": null, "geo_enabled": false, "verified": true, "statuses_count": 21722, "lang": "en", "contributors_enabled": false, "is_translator": false, "is_translation_enabled": false, "profile_background_color": "F4EDD4", "profile_background_image_url": "http://abs.twimg.com/images/themes/theme1/bg.png", "profile_background_image_url_https": "https://abs.twimg.com/images/themes/theme1/bg.png", "profile_background_tile": false, "profile_image_url": "http://pbs.twimg.com/profile_images/718314968102367232/ypY1GPCQ_normal.jpg", "profile_image_url_https": "https://pbs.twimg.com/profile_images/718314968102367232/ypY1GPCQ_normal.jpg", "profile_banner_url": "https://pbs.twimg.com/profile_banners/18839785/1502777627", "profile_link_color": "4E7096", "profile_sidebar_border_color": "FFFFFF", "profile_sidebar_fill_color": "D5DFED", "profile_text_color": "233863", "profile_use_background_image": true, "has_extended_profile": true, "default_profile": false, "default_profile_image": false, "following": false, "follow_request_sent": false, "notifications": false, "translator_type": "regular"}, "geo": null, "coordinates": null, "place": null, "contributors": null, "is_quote_status": false, "retweet_count": 2292, "favorite_count": 9420, "favorited": false, "retweeted": false, "lang": "en"}, {"created_at": "Thu Dec 20 02:54:52 +0000 2018", "id": 1075585296765476870, "id_str": "1075585296765476870", "text": "Do you have an idea for this month\u2019s #MannKiBaat on the 30th? \n\nShare it on the MyGov Open Forum. \n\nYou can also di\u2026 https://t.co/v51XlJTcVg", "truncated": true, "entities": {"hashtags": [{"text": "MannKiBaat", "indices": [37, 48]}], "symbols": [], "user_mentions": [], "urls": [{"url": "https://t.co/v51XlJTcVg", "expanded_url": "https://twitter.com/i/web/status/1075585296765476870", "display_url": "twitter.com/i/web/status/1\u2026", "indices": [117, 140]}]}, "source": "<a href=\"http://twitter.com/download/iphone\" rel=\"nofollow\">Twitter for iPhone</a>", "in_reply_to_status_id": null, "in_reply_to_status_id_str": null, "in_reply_to_user_id": null, "in_reply_to_user_id_str": null, "in_reply_to_screen_name": null, "user": {"id": 18839785, "id_str": "18839785", "name": "Narendra Modi", "screen_name": "narendramodi", "location": "India", "description": "Prime Minister of India", "url": "http://t.co/i7NW4Bof2G", "entities": {"url": {"urls": [{"url": "http://t.co/i7NW4Bof2G", "expanded_url": "http://www.narendramodi.in", "display_url": "narendramodi.in", "indices": [0, 22]}]}, "description": {"urls": []}}, "protected": false, "followers_count": 44796595, "friends_count": 2068, "listed_count": 23068, "created_at": "Sat Jan 10 17:18:56 +0000 2009", "favourites_count": 0, "utc_offset": null, "time_zone": null, "geo_enabled": false, "verified": true, "statuses_count": 21722, "lang": "en", "contributors_enabled": false, "is_translator": false, "is_translation_enabled": false, "profile_background_color": "F4EDD4", "profile_background_image_url": "http://abs.twimg.com/images/themes/theme1/bg.png", "profile_background_image_url_https": "https://abs.twimg.com/images/themes/theme1/bg.png", "profile_background_tile": false, "profile_image_url": "http://pbs.twimg.com/profile_images/718314968102367232/ypY1GPCQ_normal.jpg", "profile_image_url_https": "https://pbs.twimg.com/profile_images/718314968102367232/ypY1GPCQ_normal.jpg", "profile_banner_url": "https://pbs.twimg.com/profile_banners/18839785/1502777627", "profile_link_color": "4E7096", "profile_sidebar_border_color": "FFFFFF", "profile_sidebar_fill_color": "D5DFED", "profile_text_color": "233863", "profile_use_background_image": true, "has_extended_profile": true, "default_profile": false, "default_profile_image": false, "following": false, "follow_request_sent": false, "notifications": false, "translator_type": "regular"}, "geo": null, "coordinates": null, "place": null, "contributors": null, "is_quote_status": false, "retweet_count": 3533, "favorite_count": 18000, "favorited": false, "retweeted": false, "possibly_sensitive": false, "lang": "en"}, {"created_at": "Fri Dec 21 11:55:42 +0000 2018", "id": 1076083789145681922, "id_str": "1076083789145681922", "text": "Chennai based Dr S Jayachandran is a hero. His was a life purely for the betterment of others. \nhttps://t.co/CVlJiFmPZ7", "truncated": false, "entities": {"hashtags": [], "symbols": [], "user_mentions": [], "urls": [{"url": "https://t.co/CVlJiFmPZ7", "expanded_url": "https://www.thebetterindia.com/167395/chennai-doctor-death-tribute-inspiring-hero/", "display_url": "thebetterindia.com/167395/chennai\u2026", "indices": [96, 119]}]}, "source": "<a href=\"http://twitter.com/download/android\" rel=\"nofollow\">Twitter for Android</a>", "in_reply_to_status_id": null, "in_reply_to_status_id_str": null, "in_reply_to_user_id": null, "in_reply_to_user_id_str": null, "in_reply_to_screen_name": null, "user": {"id": 18839785, "id_str": "18839785", "name": "Narendra Modi", "screen_name": "narendramodi", "location": "India", "description": "Prime Minister of India", "url": "http://t.co/i7NW4Bof2G", "entities": {"url": {"urls": [{"url": "http://t.co/i7NW4Bof2G", "expanded_url": "http://www.narendramodi.in", "display_url": "narendramodi.in", "indices": [0, 22]}]}, "description": {"urls": []}}, "protected": false, "followers_count": 44796595, "friends_count": 2068, "listed_count": 23068, "created_at": "Sat Jan 10 17:18:56 +0000 2009", "favourites_count": 0, "utc_offset": null, "time_zone": null, "geo_enabled": false, "verified": true, "statuses_count": 21722, "lang": "en", "contributors_enabled": false, "is_translator": false, "is_translation_enabled": false, "profile_background_color": "F4EDD4", "profile_background_image_url": "http://abs.twimg.com/images/themes/theme1/bg.png", "profile_background_image_url_https": "https://abs.twimg.com/images/themes/theme1/bg.png", "profile_background_tile": false, "profile_image_url": "http://pbs.twimg.com/profile_images/718314968102367232/ypY1GPCQ_normal.jpg", "profile_image_url_https": "https://pbs.twimg.com/profile_images/718314968102367232/ypY1GPCQ_normal.jpg", "profile_banner_url": "https://pbs.twimg.com/profile_banners/18839785/1502777627", "profile_link_color": "4E7096", "profile_sidebar_border_color": "FFFFFF", "profile_sidebar_fill_color": "D5DFED", "profile_text_color": "233863", "profile_use_background_image": true, "has_extended_profile": true, "default_profile": false, "default_profile_image": false, "following": false, "follow_request_sent": false, "notifications": false, "translator_type": "regular"}, "geo": null, "coordinates": null, "place": null, "contributors": null, "is_quote_status": false, "retweet_count": 6365, "favorite_count": 26573, "favorited": false, "retweeted": false, "possibly_sensitive": false, "lang": "en"}, {"created_at": "Wed Dec 19 14:29:03 +0000 2018", "id": 1075397604056297472, "id_str": "1075397604056297472", "text": "The high voter turnout in the polls clearly displays immense faith that people of J&amp;K have put in grass root democr\u2026 https://t.co/xrKNkDuYUD", "truncated": true, "entities": {"hashtags": [], "symbols": [], "user_mentions": [], "urls": [{"url": "https://t.co/xrKNkDuYUD", "expanded_url": "https://twitter.com/i/web/status/1075397604056297472", "display_url": "twitter.com/i/web/status/1\u2026", "indices": [121, 144]}]}, "source": "<a href=\"http://twitter.com\" rel=\"nofollow\">Twitter Web Client</a>", "in_reply_to_status_id": null, "in_reply_to_status_id_str": null, "in_reply_to_user_id": null, "in_reply_to_user_id_str": null, "in_reply_to_screen_name": null, "user": {"id": 18839785, "id_str": "18839785", "name": "Narendra Modi", "screen_name": "narendramodi", "location": "India", "description": "Prime Minister of India", "url": "http://t.co/i7NW4Bof2G", "entities": {"url": {"urls": [{"url": "http://t.co/i7NW4Bof2G", "expanded_url": "http://www.narendramodi.in", "display_url": "narendramodi.in", "indices": [0, 22]}]}, "description": {"urls": []}}, "protected": false, "followers_count": 44796595, "friends_count": 2068, "listed_count": 23068, "created_at": "Sat Jan 10 17:18:56 +0000 2009", "favourites_count": 0, "utc_offset": null, "time_zone": null, "geo_enabled": false, "verified": true, "statuses_count": 21722, "lang": "en", "contributors_enabled": false, "is_translator": false, "is_translation_enabled": false, "profile_background_color": "F4EDD4", "profile_background_image_url": "http://abs.twimg.com/images/themes/theme1/bg.png", "profile_background_image_url_https": "https://abs.twimg.com/images/themes/theme1/bg.png", "profile_background_tile": false, "profile_image_url": "http://pbs.twimg.com/profile_images/718314968102367232/ypY1GPCQ_normal.jpg", "profile_image_url_https": "https://pbs.twimg.com/profile_images/718314968102367232/ypY1GPCQ_normal.jpg", "profile_banner_url": "https://pbs.twimg.com/profile_banners/18839785/1502777627", "profile_link_color": "4E7096", "profile_sidebar_border_color": "FFFFFF", "profile_sidebar_fill_color": "D5DFED", "profile_text_color": "233863", "profile_use_background_image": true, "has_extended_profile": true, "default_profile": false, "default_profile_image": false, "following": false, "follow_request_sent": false, "notifications": false, "translator_type": "regular"}, "geo": null, "coordinates": null, "place": null, "contributors": null, "is_quote_status": false, "retweet_count": 2341, "favorite_count": 11516, "favorited": false, "retweeted": false, "possibly_sensitive": false, "lang": "en"}, {"created_at": "Fri Dec 21 12:03:05 +0000 2018", "id": 1076085646584963072, "id_str": "1076085646584963072", "text": "With the passing away of Dipali Barthakur Ji, we have lost an outstanding singer who made Assamese music and cultur\u2026 https://t.co/5YJnmtGTpL", "truncated": true, "entities": {"hashtags": [], "symbols": [], "user_mentions": [], "urls": [{"url": "https://t.co/5YJnmtGTpL", "expanded_url": "https://twitter.com/i/web/status/1076085646584963072", "display_url": "twitter.com/i/web/status/1\u2026", "indices": [117, 140]}]}, "source": "<a href=\"http://twitter.com/download/iphone\" rel=\"nofollow\">Twitter for iPhone</a>", "in_reply_to_status_id": null, "in_reply_to_status_id_str": null, "in_reply_to_user_id": null, "in_reply_to_user_id_str": null, "in_reply_to_screen_name": null, "user": {"id": 18839785, "id_str": "18839785", "name": "Narendra Modi", "screen_name": "narendramodi", "location": "India", "description": "Prime Minister of India", "url": "http://t.co/i7NW4Bof2G", "entities": {"url": {"urls": [{"url": "http://t.co/i7NW4Bof2G", "expanded_url": "http://www.narendramodi.in", "display_url": "narendramodi.in", "indices": [0, 22]}]}, "description": {"urls": []}}, "protected": false, "followers_count": 44796595, "friends_count": 2068, "listed_count": 23068, "created_at": "Sat Jan 10 17:18:56 +0000 2009", "favourites_count": 0, "utc_offset": null, "time_zone": null, "geo_enabled": false, "verified": true, "statuses_count": 21722, "lang": "en", "contributors_enabled": false, "is_translator": false, "is_translation_enabled": false, "profile_background_color": "F4EDD4", "profile_background_image_url": "http://abs.twimg.com/images/themes/theme1/bg.png", "profile_background_image_url_https": "https://abs.twimg.com/images/themes/theme1/bg.png", "profile_background_tile": false, "profile_image_url": "http://pbs.twimg.com/profile_images/718314968102367232/ypY1GPCQ_normal.jpg", "profile_image_url_https": "https://pbs.twimg.com/profile_images/718314968102367232/ypY1GPCQ_normal.jpg", "profile_banner_url": "https://pbs.twimg.com/profile_banners/18839785/1502777627", "profile_link_color": "4E7096", "profile_sidebar_border_color": "FFFFFF", "profile_sidebar_fill_color": "D5DFED", "profile_text_color": "233863", "profile_use_background_image": true, "has_extended_profile": true, "default_profile": false, "default_profile_image": false, "following": false, "follow_request_sent": false, "notifications": false, "translator_type": "regular"}, "geo": null, "coordinates": null, "place": null, "contributors": null, "is_quote_status": false, "retweet_count": 2877, "favorite_count": 14628, "favorited": false, "retweeted": false, "lang": "en"}, {"created_at": "Fri Dec 21 05:25:41 +0000 2018", "id": 1075985636451123201, "id_str": "1075985636451123201", "text": "Paid tributes to the great Sardar Patel at the \u2018Statue of Unity.\u2019 \n\nAs India\u2019s Home Minister, his contribution towa\u2026 https://t.co/ssFGTYIzcM", "truncated": true, "entities": {"hashtags": [], "symbols": [], "user_mentions": [], "urls": [{"url": "https://t.co/ssFGTYIzcM", "expanded_url": "https://twitter.com/i/web/status/1075985636451123201", "display_url": "twitter.com/i/web/status/1\u2026", "indices": [117, 140]}]}, "source": "<a href=\"http://twitter.com/download/android\" rel=\"nofollow\">Twitter for Android</a>", "in_reply_to_status_id": null, "in_reply_to_status_id_str": null, "in_reply_to_user_id": null, "in_reply_to_user_id_str": null, "in_reply_to_screen_name": null, "user": {"id": 18839785, "id_str": "18839785", "name": "Narendra Modi", "screen_name": "narendramodi", "location": "India", "description": "Prime Minister of India", "url": "http://t.co/i7NW4Bof2G", "entities": {"url": {"urls": [{"url": "http://t.co/i7NW4Bof2G", "expanded_url": "http://www.narendramodi.in", "display_url": "narendramodi.in", "indices": [0, 22]}]}, "description": {"urls": []}}, "protected": false, "followers_count": 44796595, "friends_count": 2068, "listed_count": 23068, "created_at": "Sat Jan 10 17:18:56 +0000 2009", "favourites_count": 0, "utc_offset": null, "time_zone": null, "geo_enabled": false, "verified": true, "statuses_count": 21722, "lang": "en", "contributors_enabled": false, "is_translator": false, "is_translation_enabled": false, "profile_background_color": "F4EDD4", "profile_background_image_url": "http://abs.twimg.com/images/themes/theme1/bg.png", "profile_background_image_url_https": "https://abs.twimg.com/images/themes/theme1/bg.png", "profile_background_tile": false, "profile_image_url": "http://pbs.twimg.com/profile_images/718314968102367232/ypY1GPCQ_normal.jpg", "profile_image_url_https": "https://pbs.twimg.com/profile_images/718314968102367232/ypY1GPCQ_normal.jpg", "profile_banner_url": "https://pbs.twimg.com/profile_banners/18839785/1502777627", "profile_link_color": "4E7096", "profile_sidebar_border_color": "FFFFFF", "profile_sidebar_fill_color": "D5DFED", "profile_text_color": "233863", "profile_use_background_image": true, "has_extended_profile": true, "default_profile": false, "default_profile_image": false, "following": false, "follow_request_sent": false, "notifications": false, "translator_type": "regular"}, "geo": null, "coordinates": null, "place": null, "contributors": null, "is_quote_status": false, "retweet_count": 3328, "favorite_count": 17690, "favorited": false, "retweeted": false, "possibly_sensitive": false, "lang": "en"}, {"created_at": "Wed Dec 19 11:15:30 +0000 2018", "id": 1075348895020896258, "id_str": "1075348895020896258", "text": "Having an interesting interaction with BJP Karyakartas based in Tamil Nadu and Puducherry. Watch. https://t.co/paDaTQaj5k", "truncated": false, "entities": {"hashtags": [], "symbols": [], "user_mentions": [], "urls": [{"url": "https://t.co/paDaTQaj5k", "expanded_url": "https://www.pscp.tv/w/buof0jMyMjExNTJ8MW5BS0V5bmVsV2dLTM-JYw_O9SgKHLRMOOOADj58mqD9svD4yxCYjAIJoNrA", "display_url": "pscp.tv/w/buof0jMyMjEx\u2026", "indices": [98, 121]}]}, "source": "<a href=\"https://periscope.tv\" rel=\"nofollow\">Periscope</a>", "in_reply_to_status_id": null, "in_reply_to_status_id_str": null, "in_reply_to_user_id": null, "in_reply_to_user_id_str": null, "in_reply_to_screen_name": null, "user": {"id": 18839785, "id_str": "18839785", "name": "Narendra Modi", "screen_name": "narendramodi", "location": "India", "description": "Prime Minister of India", "url": "http://t.co/i7NW4Bof2G", "entities": {"url": {"urls": [{"url": "http://t.co/i7NW4Bof2G", "expanded_url": "http://www.narendramodi.in", "display_url": "narendramodi.in", "indices": [0, 22]}]}, "description": {"urls": []}}, "protected": false, "followers_count": 44796595, "friends_count": 2068, "listed_count": 23068, "created_at": "Sat Jan 10 17:18:56 +0000 2009", "favourites_count": 0, "utc_offset": null, "time_zone": null, "geo_enabled": false, "verified": true, "statuses_count": 21722, "lang": "en", "contributors_enabled": false, "is_translator": false, "is_translation_enabled": false, "profile_background_color": "F4EDD4", "profile_background_image_url": "http://abs.twimg.com/images/themes/theme1/bg.png", "profile_background_image_url_https": "https://abs.twimg.com/images/themes/theme1/bg.png", "profile_background_tile": false, "profile_image_url": "http://pbs.twimg.com/profile_images/718314968102367232/ypY1GPCQ_normal.jpg", "profile_image_url_https": "https://pbs.twimg.com/profile_images/718314968102367232/ypY1GPCQ_normal.jpg", "profile_banner_url": "https://pbs.twimg.com/profile_banners/18839785/1502777627", "profile_link_color": "4E7096", "profile_sidebar_border_color": "FFFFFF", "profile_sidebar_fill_color": "D5DFED", "profile_text_color": "233863", "profile_use_background_image": true, "has_extended_profile": true, "default_profile": false, "default_profile_image": false, "following": false, "follow_request_sent": false, "notifications": false, "translator_type": "regular"}, "geo": null, "coordinates": null, "place": null, "contributors": null, "is_quote_status": false, "retweet_count": 2770, "favorite_count": 13068, "favorited": false, "retweeted": false, "possibly_sensitive": false, "lang": "en"}]